{
    "skilletband@gmail.com": {
        "id": 1,
        "nome": "Skillet",
        "email": "skilletband@gmail.com",
        "senha": "$2y$10$p2X\/PINqIRfA4xRpEoZmhujvduRQeS\/DZU6A875qzxoRKLONeTCtm",
        "telefone": "",
        "endereco": "Rua São Francisco de Machado, Número 38."
    },
    "skilletban@gmail.com": {
        "id": 2,
        "nome": "Skillet",
        "email": "skilletban@gmail.com",
        "senha": "$2y$10$vKZIY0YDFKQDZhMU8TdWgO\/WcJsN.FXRoPoilMJsa3aGTZf1hb7ci",
        "telefone": "",
        "endereco": ""
    },
    "gordinho@gmail.com": {
        "id": 3,
        "nome": "Gordinho",
        "email": "gordinho@gmail.com",
        "senha": "$2y$10$Cpg2vS2nKG2b\/azg50Ryw.MVjl4fRY9bVMOTsNEyHef28tI21BQU6",
        "telefone": "",
        "endereco": ""
    }
}